🦊 ラッキースポット入力（配信スケジュール）,,
配信したい日付とスポット名を入力。チェーン店の場合は『チェーン店?』列に●を入力,,
未入力の日はマスタシートから自動選定（手離れ運用）,,
,,
配信日,スポット名,チェーン店?
2026-05-11 00:00:00,クックマート,●
2026-05-12 00:00:00,スギ薬局,●
2026-05-13 00:00:00,手打ちそば 玄子,
2026-05-14 00:00:00,spicy._.smile,
2026-05-15 00:00:00,はらや MAZE SOBA,
2026-05-16 00:00:00,クレープリー　Paris Paris,
2026-05-17 00:00:00,グリーンセンター,●
2026-05-18 00:00:00,戸田のりショップ,
2026-05-19 00:00:00,poco a poco,
2026-05-20 00:00:00,焼肉ホルモン ざくろ,
2026-05-21 00:00:00,餃子達人,
2026-05-22 00:00:00,豚専門店 雪乃醸,
2026-05-23 00:00:00,ファミリーマート,●
2026-05-24 00:00:00,チトセテラス,
2026-05-25 00:00:00,本気ハンバーグ,
2026-05-26 00:00:00,ポンポコラーメンアウトレット,
2026-05-27 00:00:00,パンジー屋,
2026-05-28 00:00:00,アミカ,
2026-05-29 00:00:00,や台ずし,
2026-05-30 00:00:00,麵屋ひなげし,
2026-05-31 00:00:00,餃子の王将,●
2026-06-01 00:00:00,ENTER SEEK,
2026-06-02 00:00:00,バーガーキング,
2026-06-03 00:00:00,ぎょうざの萬代,
2026-06-04 00:00:00,,
2026-06-05 00:00:00,,
2026-06-06 00:00:00,,
2026-06-07 00:00:00,,
2026-06-08 00:00:00,,
2026-06-09 00:00:00,,
2026-06-10 00:00:00,,
2026-06-11 00:00:00,,
2026-06-12 00:00:00,,
2026-06-13 00:00:00,,
2026-06-14 00:00:00,,
2026-06-15 00:00:00,,
2026-06-16 00:00:00,,
2026-06-17 00:00:00,,
2026-06-18 00:00:00,,
2026-06-19 00:00:00,,
2026-06-20 00:00:00,,
2026-06-21 00:00:00,,
2026-06-22 00:00:00,,
2026-06-23 00:00:00,,
2026-06-24 00:00:00,,
2026-06-25 00:00:00,,
2026-06-26 00:00:00,,
2026-06-27 00:00:00,,
2026-06-28 00:00:00,,
2026-06-29 00:00:00,,
2026-06-30 00:00:00,,
2026-07-01 00:00:00,,
2026-07-02 00:00:00,,
2026-07-03 00:00:00,,
2026-07-04 00:00:00,,
2026-07-05 00:00:00,,
2026-07-06 00:00:00,,
2026-07-07 00:00:00,,
2026-07-08 00:00:00,,
2026-07-09 00:00:00,,
2026-07-10 00:00:00,,
2026-07-11 00:00:00,,
2026-07-12 00:00:00,,
2026-07-13 00:00:00,,
2026-07-14 00:00:00,,
2026-07-15 00:00:00,,
2026-07-16 00:00:00,,
2026-07-17 00:00:00,,
2026-07-18 00:00:00,,
2026-07-19 00:00:00,,
2026-07-20 00:00:00,,
2026-07-21 00:00:00,,
2026-07-22 00:00:00,,
2026-07-23 00:00:00,,
2026-07-24 00:00:00,,
2026-07-25 00:00:00,,
2026-07-26 00:00:00,,
2026-07-27 00:00:00,,
2026-07-28 00:00:00,,
2026-07-29 00:00:00,,
2026-07-30 00:00:00,,
2026-07-31 00:00:00,,
2026-08-01 00:00:00,,
2026-08-02 00:00:00,,
2026-08-03 00:00:00,,
2026-08-04 00:00:00,,
2026-08-05 00:00:00,,
2026-08-06 00:00:00,,
2026-08-07 00:00:00,,
2026-08-08 00:00:00,,
2026-08-09 00:00:00,,
2026-08-10 00:00:00,,
2026-08-11 00:00:00,,
2026-08-12 00:00:00,,
2026-08-13 00:00:00,,
2026-08-14 00:00:00,,
2026-08-15 00:00:00,,
2026-08-16 00:00:00,,
2026-08-17 00:00:00,,
2026-08-18 00:00:00,,
2026-08-19 00:00:00,,
2026-08-20 00:00:00,,
2026-08-21 00:00:00,,
2026-08-22 00:00:00,,
2026-08-23 00:00:00,,
2026-08-24 00:00:00,,
2026-08-25 00:00:00,,
2026-08-26 00:00:00,,
2026-08-27 00:00:00,,
2026-08-28 00:00:00,,
2026-08-29 00:00:00,,
2026-08-30 00:00:00,,
2026-08-31 00:00:00,,
2026-09-01 00:00:00,,
2026-09-02 00:00:00,,
2026-09-03 00:00:00,,
2026-09-04 00:00:00,,
2026-09-05 00:00:00,,
2026-09-06 00:00:00,,
2026-09-07 00:00:00,,
2026-09-08 00:00:00,,
2026-09-09 00:00:00,,
2026-09-10 00:00:00,,
2026-09-11 00:00:00,,
2026-09-12 00:00:00,,
2026-09-13 00:00:00,,
2026-09-14 00:00:00,,
2026-09-15 00:00:00,,
2026-09-16 00:00:00,,
2026-09-17 00:00:00,,
2026-09-18 00:00:00,,
2026-09-19 00:00:00,,
2026-09-20 00:00:00,,
2026-09-21 00:00:00,,
2026-09-22 00:00:00,,
2026-09-23 00:00:00,,
2026-09-24 00:00:00,,
2026-09-25 00:00:00,,
2026-09-26 00:00:00,,
2026-09-27 00:00:00,,
2026-09-28 00:00:00,,
2026-09-29 00:00:00,,
2026-09-30 00:00:00,,
2026-10-01 00:00:00,,
2026-10-02 00:00:00,,
2026-10-03 00:00:00,,
2026-10-04 00:00:00,,
2026-10-05 00:00:00,,
2026-10-06 00:00:00,,
2026-10-07 00:00:00,,
2026-10-08 00:00:00,,
2026-10-09 00:00:00,,
2026-10-10 00:00:00,,
2026-10-11 00:00:00,,
2026-10-12 00:00:00,,
2026-10-13 00:00:00,,
2026-10-14 00:00:00,,
2026-10-15 00:00:00,,
2026-10-16 00:00:00,,
2026-10-17 00:00:00,,
2026-10-18 00:00:00,,
2026-10-19 00:00:00,,
2026-10-20 00:00:00,,
2026-10-21 00:00:00,,
2026-10-22 00:00:00,,
2026-10-23 00:00:00,,
2026-10-24 00:00:00,,
2026-10-25 00:00:00,,
2026-10-26 00:00:00,,
2026-10-27 00:00:00,,
2026-10-28 00:00:00,,
2026-10-29 00:00:00,,
2026-10-30 00:00:00,,
2026-10-31 00:00:00,,
2026-11-01 00:00:00,,
2026-11-02 00:00:00,,
2026-11-03 00:00:00,,
2026-11-04 00:00:00,,
2026-11-05 00:00:00,,
2026-11-06 00:00:00,,
2026-11-07 00:00:00,,
2026-11-08 00:00:00,,
2026-11-09 00:00:00,,
2026-11-10 00:00:00,,
2026-11-11 00:00:00,,
2026-11-12 00:00:00,,
2026-11-13 00:00:00,,
2026-11-14 00:00:00,,
2026-11-15 00:00:00,,
2026-11-16 00:00:00,,
2026-11-17 00:00:00,,
2026-11-18 00:00:00,,
2026-11-19 00:00:00,,
2026-11-20 00:00:00,,
2026-11-21 00:00:00,,
2026-11-22 00:00:00,,
2026-11-23 00:00:00,,
2026-11-24 00:00:00,,
2026-11-25 00:00:00,,
2026-11-26 00:00:00,,
2026-11-27 00:00:00,,
2026-11-28 00:00:00,,
2026-11-29 00:00:00,,
2026-11-30 00:00:00,,
2026-12-01 00:00:00,,
2026-12-02 00:00:00,,
2026-12-03 00:00:00,,
2026-12-04 00:00:00,,
2026-12-05 00:00:00,,
2026-12-06 00:00:00,,
2026-12-07 00:00:00,,
2026-12-08 00:00:00,,
2026-12-09 00:00:00,,
2026-12-10 00:00:00,,
2026-12-11 00:00:00,,
2026-12-12 00:00:00,,
2026-12-13 00:00:00,,
2026-12-14 00:00:00,,
2026-12-15 00:00:00,,
2026-12-16 00:00:00,,
2026-12-17 00:00:00,,
2026-12-18 00:00:00,,
2026-12-19 00:00:00,,
2026-12-20 00:00:00,,
2026-12-21 00:00:00,,
2026-12-22 00:00:00,,
2026-12-23 00:00:00,,
2026-12-24 00:00:00,,
2026-12-25 00:00:00,,
2026-12-26 00:00:00,,
2026-12-27 00:00:00,,
2026-12-28 00:00:00,,
2026-12-29 00:00:00,,
2026-12-30 00:00:00,,
2026-12-31 00:00:00,,
